<?xml version="1.0" encoding="UTF-8"?>

<!-- 
 * PopulateDatabase.xml
 *
 * Copyright (C) 2018 Universidad de Sevilla
 * 
 * The use of this project is hereby constrained to the conditions of the 
 * TDG Licence, a copy of which you may download from 
 * http://www.tdg-seville.info/License.html
 -->

<beans xmlns="http://www.springframework.org/schema/beans"
	xmlns:xsi="http://www.w3.org/2001/XMLSchema-instance"
	xsi:schemaLocation="
		http://www.springframework.org/schema/beans http://www.springframework.org/schema/beans/spring-beans.xsd">
	
	<!-- User accounts -->

	

	<bean id="refereeUserAccount1" class="security.UserAccount">
		<property name="username" value="customer" />
		<property name="password" value="91ec1f9324753048c0096d036a694f86" />
		<property name="authorities">
			<list>
				<bean class="security.Authority">
					<property name="authority" value="CUSTOMER" />
				</bean>
			</list>
		</property>
	</bean>
	
	<bean id="userAccount3" class="security.UserAccount">
		<property name="username" value="super" />
		<property name="password" value="1b3231655cebb7a1f783eddf27d254ca" />
		<property name="authorities">
			<list>
				<bean class="security.Authority">
					<property name="authority" value="ADMIN" />
				</bean>
				<bean class="security.Authority">
					<property name="authority" value="CUSTOMER" />
				</bean>
			</list>
		</property>
	</bean>
	
	
	
	<bean id="refereeUserAccount2" class="security.UserAccount">
		<property name="username" value="referee" />
		<property name="password" value="91ec1f9324753048c0096d036a694f86" />
		<property name="authorities">
			<list>
				<bean class="security.Authority">
					<property name="authority" value="REFEREE" />
				</bean>
			</list>
		</property>
	</bean>
	
	
	
    <bean id="refereeUserAccount3" class="security.UserAccount">
		<property name="username" value="referee3" />
		<property name="password" value="1b3231655cebb7a1f783eddf27d254ca" />
		<property name="authorities">
			<list>
				<bean class="security.Authority">
					<property name="authority" value="REFEREE" />
				</bean>
			</list>
		</property>
	</bean>
	
	
	<bean id="customerUserAccount1" class="security.UserAccount">
		<property name="username" value="customer1" />
		<property name="password" value="1b3231655cebb7a1f783eddf27d254ca" />
		<property name="authorities">
			<list>
				<bean class="security.Authority">
					<property name="authority" value="CUSTOMER" />
				</bean>
			</list>
		</property>
	</bean>
	
	
	
	<bean id="customerUserAccount2" class="security.UserAccount">
		<property name="username" value="customer2" />
		<property name="password" value="1b3231655cebb7a1f783eddf27d254ca" />
		<property name="authorities">
			<list>
				<bean class="security.Authority">
					<property name="authority" value="CUSTOMER" />
				</bean>
			</list>
		</property>
	</bean>
	
	
	<bean id="adminUserAccount1" class="security.UserAccount">
		<property name="username" value="admin1" />
		<property name="password" value="1b3231655cebb7a1f783eddf27d254ca" />
		<property name="authorities">
			<list>
				<bean class="security.Authority">
					<property name="authority" value="ADMIN" />
				</bean>
			</list>
		</property>
	</bean>
	
	<bean id="adminUserAccount2" class="security.UserAccount">
		<property name="username" value="admin2" />
		<property name="password" value="1b3231655cebb7a1f783eddf27d254ca" />
		<property name="authorities">
			<list>
				<bean class="security.Authority">
					<property name="authority" value="ADMIN" />
				</bean>
			</list>
		</property>
	</bean>
	
	<bean id="adminUserAccount3" class="security.UserAccount">
		<property name="username" value="admin3" />
		<property name="password" value="1b3231655cebb7a1f783eddf27d254ca" />
		<property name="authorities">
			<list>
				<bean class="security.Authority">
					<property name="authority" value="ADMIN" />
				</bean>
			</list>
		</property>
	</bean>
	
	
	<bean id="adminUserAccount4" class="security.UserAccount">
		<property name="username" value="admin4" />
		<property name="password" value="1b3231655cebb7a1f783eddf27d254ca" />
		<property name="authorities">
			<list>
				<bean class="security.Authority">
					<property name="authority" value="ADMIN" />
				</bean>
			</list>
		</property>
	</bean>

		<bean id="handyUserAccount1" class="security.UserAccount">
		<property name="username" value="handy1" />
		<property name="password" value="1b3231655cebb7a1f783eddf27d254ca" />
		<property name="authorities">
			<list>
				<bean class="security.Authority">
					<property name="authority" value="HANDYWORKER" />
				</bean>
			</list>
		</property>
	</bean>
	
	
	
	
	<bean id="handyUserAccount2" class="security.UserAccount">
		<property name="username" value="handy2" />
		<property name="password" value="1b3231655cebb7a1f783eddf27d254ca" />
		<property name="authorities">
			<list>
				<bean class="security.Authority">
					<property name="authority" value="HANDYWORKER" />
				</bean>
			</list>
		</property>
	</bean>
	
	
		<bean id="handyUserAccount3" class="security.UserAccount">
		<property name="username" value="handy3" />
		<property name="password" value="1b3231655cebb7a1f783eddf27d254ca" />
		<property name="authorities">
			<list>
				<bean class="security.Authority">
					<property name="authority" value="HANDYWORKER" />
				</bean>
			</list>
		</property>
	</bean>
	
	
		<bean id="handyUserAccount4" class="security.UserAccount">
		<property name="username" value="handy4" />
		<property name="password" value="1b3231655cebb7a1f783eddf27d254ca" />
		<property name="authorities">
			<list>
				<bean class="security.Authority">
					<property name="authority" value="HANDYWORKER" />
				</bean>
			</list>
		</property>
	</bean>
	
	
	
	
	<bean id="sponsorUserAccount1" class="security.UserAccount">
		<property name="username" value="sponsor1" />
		<property name="password" value="1b3231655cebb7a1f783eddf27d254ca" />
		<property name="authorities">
			<list>
				<bean class="security.Authority">
					<property name="authority" value="SPONSOR" />
				</bean>
			</list>
		</property>
	</bean>
	
	
	
	
	<bean id="sponsorUserAccount2" class="security.UserAccount">
		<property name="username" value="sponsor2" />
		<property name="password" value="1b3231655cebb7a1f783eddf27d254ca" />
		<property name="authorities">
			<list>
				<bean class="security.Authority">
					<property name="authority" value="SPONSOR" />
				</bean>
			</list>
		</property>
	</bean>
	
	
	
	<!-- Other domain beans come here -->	
	
	
		<!-- =================================================================================================================== -->
			
		<!-- ______________________________________CONFIGURATION________________________________________________________________ -->	
	
		
<!-- Configuration1 -->
	            
	<bean id="configuration1" class="domain.Configuration">
		<property name="patternPN" value="3333" />
		<property name="finderCacheTime" value="4" />
		<property name="spamWords" value="sex,viagra,cialis,one million,you’ve been selected,Nigeria,sexo,un millón,ha sido seleccionado" />
		<property name="positiveWordsE" value="good,fantastic,excellent,great,amazing,terrific,beautiful" />
		<property name="negativeWordsE" value="not,bad,horrible,average,disaster" />
		<property name="positiveWordsS" value="bueno,fantastico,excelente,genial,sorprendente,estupendo,bonito" />
        <property name="negativeWordsS" value="no,malo,horrible,regular,desastre" />
		<property name="nameSystem" value="Acme Handy Worker" />
		<property name="banner" value="https://tinyurl.com/acme-handy-worker-logo" />
		<property name="welcomeMessageE" value="Welcome to Acme Handy Worker! Price, quality, and trust in a single place" />
		<property name="welcomeMessageS" value="¡Bienvenidos a Acme Handy Worker! Precio, calidad y confianza en el mismo sitio" />
		<property name="VAT" value="21" />
		<property name="countryCode" value="34" />
	</bean>
	
	<!-- =================================================================================================================== -->
			
		<!-- ______________________________ADMINISTRATORS_____________________________ -->	
		
	<bean id="admin1" class="domain.Administrator">
	
		<property name="userAccount"><ref bean = "adminUserAccount1" /></property>
		<property name="name" value="Álvaro" />
		<property name="surname" value="Jimenez" />
		<property name="photo" value="http://alvjim.com" />
		<property name="email" value="alvjim11@gmail.com" />
		<property name="phoneNumber" value="+34 (123) 674893476" />
		<property name="address" value="Avenida Reina Mercedes" />
		<property name="numSocialProfile" value="3" />
		
		<property name="boxes">
			<list>
			<ref bean = "box1admin1" />
			<ref bean = "box2admin1" />
			<ref bean = "box3admin1" />
			<ref bean = "box4admin1" />
			<ref bean = "box5admin1" />
			</list>
		</property>
		
		<property name="isBanned" value="true" />
		<property name="isSuspicious" value="false" />
	
	</bean>
	
	<bean id="admin2" class="domain.Administrator">
	
		<property name="userAccount"><ref bean = "adminUserAccount2" /></property>
		<property name="name" value="Ignacio" />
		<property name="surname" value="González" />
		<property name="photo" value="http://ignagon.com" />
		<property name="email" value="ignagon9@gmail.com" />
		<property name="phoneNumber" value="+34 (123) 694893483" />
		<property name="address" value="Avenida Reina Mercedes" />
		<property name="numSocialProfile" value="3" />
		
		<property name="boxes">
			<list>
			<ref bean = "box1admin2" />
			<ref bean = "box2admin2" />
			<ref bean = "box3admin2" />
			<ref bean = "box4admin2" />
			</list>
		</property>
		<property name="isBanned" value="false" />
		<property name="isSuspicious" value="false" />
		
	</bean>
	
	
	<bean id="admin3" class="domain.Administrator">
	
		<property name="userAccount"><ref bean = "adminUserAccount3" /></property>
		<property name="name" value="Francisco" />
		<property name="middleName" value="Javier" />
		<property name="surname" value="Núñez" />
		<property name="photo" value="http://frannu.com" />
		<property name="email" value="frannu22@gmail.com" />
		<property name="phoneNumber" value="+34 (123) 684895476" />
		<property name="address" value="Avenida Reina Mercedes" />
		<property name="numSocialProfile" value="0" />
		
		<property name="boxes">
			<list>
			<ref bean = "box1admin3" />
			<ref bean = "box2admin3" />
			<ref bean = "box3admin3" />
			<ref bean = "box4admin3" />
			</list>
		</property>
		<property name="isBanned" value="true" />
		<property name="isSuspicious" value="false" />
		
	</bean>
	
	
	<bean id="admin4" class="domain.Administrator">
	
		<property name="userAccount"><ref bean = "adminUserAccount4" /></property>
		<property name="name" value="Pedro" />
		<property name="middleName" value="Juan" />
		<property name="surname" value="Hernández" />
		<property name="photo" value="http://pedroher.com" />
		<property name="email" value="pedroHer@gmail.com" />
		<property name="phoneNumber" value="+34 (123) 644891456" />
		<property name="address" value="Avenida Reina Mercedes" />
		<property name="numSocialProfile" value="2" />
		
		<property name="boxes">
			<list>
			<ref bean = "box1admin4" />
			<ref bean = "box2admin4" />
			<ref bean = "box3admin4" />
			<ref bean = "box4admin4" />
			<ref bean = "box5admin4" />
			<ref bean = "box6admin4" />
			</list>
		</property>
		<property name="isBanned" value="true" />
		<property name="isSuspicious" value="false" />
		
	</bean>
	
	
	
		<!-- =================================================================================================================== -->	
	
		<!-- ______________________________BOXES________________________________________________________________________________ -->	
		
		<!-- ________admin1________-->	
		
				
	<bean id="box1admin1" class="domain.Box">
		<property name="name" value="TrashBox" />
		<property name="systemBox" value="True" />
	</bean>
	
	<bean id="box2admin1" class="domain.Box">
		<property name="name" value="SpamBox" />
		<property name="systemBox" value="True" />
	</bean>
	
	<bean id="box3admin1" class="domain.Box">
		<property name="name" value="InBox" />
		<property name="systemBox" value="True" />
	</bean>
	
	<bean id="box4admin1" class="domain.Box">
		<property name="name" value="OutBox" />
		<property name="systemBox" value="True" />
		<property name="messages">
			<list>
			<ref bean = "message1" />
			
			</list>
		</property>
		
	</bean>
	
	<bean id="box5admin1" class="domain.Box">
		<property name="name" value="BusinessBox" />
		<property name="systemBox" value="False" />
	</bean>
	
		<!-- ________admin2________-->		
	<bean id="box1admin2" class="domain.Box">
		<property name="name" value="TrashBox" />
		<property name="systemBox" value="True" />
	</bean>
	
	<bean id="box2admin2" class="domain.Box">
		<property name="name" value="SpamBox" />
		<property name="systemBox" value="True" />
	</bean>
	
	<bean id="box3admin2" class="domain.Box">
		<property name="name" value="InBox" />
		<property name="systemBox" value="True" />
		<property name="messages">
			<list>
			<ref bean = "message1" />
			
			</list>
		</property>
	</bean>
	
	<bean id="box4admin2" class="domain.Box">
		<property name="name" value="OutBox" />
		<property name="systemBox" value="True" />
	</bean>
	
		<!-- ________admin3________-->			
	<bean id="box1admin3" class="domain.Box">
		<property name="name" value="TrashBox" />
		<property name="systemBox" value="True" />
	</bean>
	
	<bean id="box2admin3" class="domain.Box">
		<property name="name" value="SpamBox" />
		<property name="systemBox" value="True" />
	</bean>
	
	<bean id="box3admin3" class="domain.Box">
		<property name="name" value="InBox" />
		<property name="systemBox" value="True" />
		<property name="messages">
			<list>
			<ref bean = "message1" />
			
			</list>
		</property>
	</bean>
	
	<bean id="box4admin3" class="domain.Box">
		<property name="name" value="OutBox" />
		<property name="systemBox" value="True" />
	</bean>
	
		<!-- ________admin4________-->			
	<bean id="box1admin4" class="domain.Box">
		<property name="name" value="TrashBox" />
		<property name="systemBox" value="True" />
	</bean>
	
	<bean id="box2admin4" class="domain.Box">
		<property name="name" value="SpamBox" />
		<property name="systemBox" value="True" />
	</bean>
	
	<bean id="box3admin4" class="domain.Box">
		<property name="name" value="InBox" />
		<property name="systemBox" value="True" />
	</bean>
	
	<bean id="box4admin4" class="domain.Box">
		<property name="name" value="OutBox" />
		<property name="systemBox" value="True" />
	</bean>
	
	<bean id="box5admin4" class="domain.Box">
		<property name="name" value="MainBox" />
		<property name="systemBox" value="False" />
	</bean>
	
	<bean id="box6admin4" class="domain.Box">
		<property name="name" value="BusinessBox" />
		<property name="systemBox" value="False" />
	</bean>
		
		
		
		
		
	<!-- =================================================================================================================== -->	
			
	<!-- ______________________________MESSAGES_____________________________ -->	
	
	<bean id="message1" class="domain.Message">
	
		<property name="moment" value="02/01/2017 09:00" />
		<property name="subject" value="This is the subject of the message1" />
		<property name="body" value="This is the body of the message1" />
		<property name="tag" value="busisness,important" />
		<property name="priority" value="HIGH" />
		<property name="sender"><ref bean = "admin1" /></property>
		<property name="recipients">
			<list>
			<ref bean = "admin2" />
			<ref bean = "admin3" />
			</list>
		</property>
	</bean>	
	
	<bean id="message2" class="domain.Message">
	
		<property name="moment" value="05/03/2017 08:40" />
		<property name="subject" value="This is the subject of the message2" />
		<property name="body" value="This is the body of the message2" />
		<property name="tag" value="busisness" />
		<property name="priority" value="NEUTRAL" />
		<property name="flagSpam" value="true" />

		<property name="sender"><ref bean = "admin3" /></property>
		<property name="recipients">
			<list>
			<ref bean = "admin4" />
			</list>
		</property>
	</bean>	
	
	<bean id="message3" class="domain.Message">
	
		<property name="moment" value="02/10/2017 11:05" />
		<property name="subject" value="This is the subject of the message3" />
		<property name="body" value="This is the body of the message3" />
		<property name="tag" value="important" />
		<property name="priority" value="HIGH" />
		<property name="flagSpam" value="false" />

		<property name="sender"><ref bean = "admin4" /></property>
		<property name="recipients">
			<list>
			<ref bean = "admin1" />
			<ref bean = "admin2" />
			<ref bean = "admin3" />
			</list>
		</property>
	</bean>	
	
	<bean id="message4" class="domain.Message">
	
		<property name="moment" value="05/02/2017 20:10" />
		<property name="subject" value="This is the subject of the message4" />
		<property name="body" value="This is the body of the message4" />
		<property name="tag" value="product" />
		<property name="priority" value="LOW" />
		<property name="flagSpam" value="false" />

		<property name="sender"><ref bean = "admin2" /></property>
		<property name="recipients">
			<list>
			<ref bean = "admin4" />
			</list>
		</property>
	</bean>	
	
	<bean id="message5" class="domain.Message">
	
		<property name="moment" value="12/01/2017 15:04" />
		<property name="subject" value="This is the subject of the message5" />
		<property name="body" value="This is the body of the message5" />
		<property name="tag" value="complain" />
		<property name="priority" value="NEUTRAL" />
		<property name="flagSpam" value="true" />

		<property name="sender"><ref bean = "admin1" /></property>
		<property name="recipients">
			<list>
			<ref bean = "admin4" />
			</list>
		</property>
	</bean>	
	
	<!-- =================================================================================================================== -->	
	
	<!-- ______________________________PROFILES_____________________________ -->	
		
		
		
	<!-- ________admin1________-->	
	
	<bean id="profile1admin1" class="domain.Profile">
		<property name="nick" value="Álvaro11" />
		<property name="nameSocialNetwork" value="Twitter" />
		<property name="link" value="http://twitter/ilvaro11.com" />
		<property name="actor" > <ref bean = "admin1" /> </property>
	</bean>
		
	<bean id="profile2admin1" class="domain.Profile">
		<property name="nick" value="Álvaro11" />
		<property name="nameSocialNetwork" value="Instagram" />
		<property name="link" value="http://instagram/ilvaro11.com" />
		<property name="actor" > <ref bean = "admin1" /> </property>
	</bean>
		
	<bean id="profile3admin1" class="domain.Profile">
		<property name="nick" value="Álvaro11" />
		<property name="nameSocialNetwork" value="Facebook" />
		<property name="link" value="http://facebook/ilvaro11.com" />
		<property name="actor" > <ref bean = "admin1" /> </property>
	</bean>
		
	<!-- ________admin2________-->	
	
	<bean id="profile1admin2" class="domain.Profile">
		<property name="nick" value="Ignacio9" />
		<property name="nameSocialNetwork" value="Twitter" />
		<property name="link" value="http://twitter/ignacio9.com" />
		<property name="actor" > <ref bean = "admin2" /> </property>
	</bean>
		
	<bean id="profile2admin2" class="domain.Profile">
		<property name="nick" value="Ignacio9" />
		<property name="nameSocialNetwork" value="Google+" />
		<property name="link" value="http://google/ignacio9.com" />
		<property name="actor" > <ref bean = "admin2" /> </property>
	</bean>
		
	<bean id="profile3admin2" class="domain.Profile">
		<property name="nick" value="Ignacio9" />
		<property name="nameSocialNetwork" value="SnapChat" />
		<property name="link" value="http://snapchat/ignacio9.com" />
		<property name="actor" > <ref bean = "admin2" /> </property>
	</bean>
		
	

	<!-- ________admin4________-->
	
	<bean id="profile1admin4" class="domain.Profile">
		<property name="nick" value="Pedro85" />
		<property name="nameSocialNetwork" value="Google+" />
		<property name="link" value="http://google/Pedro85.com" />
		<property name="actor" > <ref bean = "admin4" /> </property>
	</bean>
		
	<bean id="profile2admin4" class="domain.Profile">
		<property name="nick" value="Pedro85" />
		<property name="nameSocialNetwork" value="Facebook" />
		<property name="link" value="http://facebook/Pedro85.com" />
		<property name="actor" > <ref bean = "admin4" /> </property>
	</bean>
	
	
	<!-- ________customer1________-->
	
	<bean id="profile1customer1" class="domain.Profile">
		<property name="nick" value="Crack85" />
		<property name="nameSocialNetwork" value="Google+" />
		<property name="link" value="http://google/Carck85.com" />
		<property name="actor" > <ref bean = "customer1" /> </property>
	</bean>
		
	<bean id="profile2customer1" class="domain.Profile">
		<property name="nick" value="Crack85" />
		<property name="nameSocialNetwork" value="Facebook" />
		<property name="link" value="http://facebook/Crack85.com" />
		<property name="actor" > <ref bean = "customer1" /> </property>
	</bean>
	
	
	
	
		<!-- =================================================================================================================== -->
			
		<!-- ___________________________________________REFEREES________________________________________________________________ -->
	  										
	  													
	  													
 <!-- referee1-->													
	  				
	  <bean id="referee1" class="domain.Referee">
	
		    <property name="userAccount"><ref bean = "refereeUserAccount1" /></property>
			<property name="name" value="Octavio" />
			<property name="middleName" value="Hugarte" />
			<property name="surname" value="Sainz" />
			<property name="photo" value="http://octavio.com" />
			<property name="email" value="octavio@gmail.com" />
			<property name="phoneNumber" value="+34 (123) 678893476" />
			<property name="address" value="Avenida Reina Alola" />
			<property name="numSocialProfile" value="8" />
		    <property name="boxes">
				 <list>
				     <ref bean = "box1referee1" />
				     <ref bean = "box2referee1" />
				     <ref bean = "box3referee1" />
				     <ref bean = "box4referee1" />
				 </list>
			</property>
			<property name="isBanned" value="true" />
		<property name="isSuspicious" value="false" />
		</bean>
		
		

<!-- BoxReferee1 -->
	
	<bean id="box1referee1" class="domain.Box">
		<property name="name" value="TrashBox" />
		<property name="systemBox" value="True" />
	</bean>
	
	<bean id="box2referee1" class="domain.Box">
		<property name="name" value="SpamBox" />
		<property name="systemBox" value="True" />
	</bean>
	
	<bean id="box3referee1" class="domain.Box">
		<property name="name" value="InBox" />
		<property name="systemBox" value="True" />
	</bean>
	
	<bean id="box4referee1" class="domain.Box">
		<property name="name" value="OutBox" />
		<property name="systemBox" value="True" />
	</bean>
	
	
<!-- referee2 -->	

	 <bean id="referee2" class="domain.Referee">
	
	    <property name="userAccount"><ref bean = "refereeUserAccount2" /></property>
		<property name="name" value="Juan" />
		<property name="surname" value="Martin" />
		<property name="email" value="juan@gmail.com" />
		<property name="phoneNumber" value="+34 (193) 678890476" />
		<property name="numSocialProfile" value="3" />
		<property name="boxes">
			<list>
				<ref bean = "box1referee2" />
				<ref bean = "box2referee2" />
				<ref bean = "box3referee2" />
				<ref bean = "box4referee2" />
			</list>
		</property>
		<property name="isBanned" value="true" />
		<property name="isSuspicious" value="false" />
	
	</bean>
	
	
<!-- BoxReferee2 -->
	
	<bean id="box1referee2" class="domain.Box">
		<property name="name" value="TrashBox" />
		<property name="systemBox" value="True" />
	</bean>
	
	<bean id="box2referee2" class="domain.Box">
		<property name="name" value="SpamBox" />
		<property name="systemBox" value="True" />
	</bean>
	
	<bean id="box3referee2" class="domain.Box">
		<property name="name" value="InBox" />
		<property name="systemBox" value="True" />
	</bean>
	
	<bean id="box4referee2" class="domain.Box">
		<property name="name" value="OutBox" />
		<property name="systemBox" value="True" />
	</bean>
	
	
<!-- referee3  -->	

	 <bean id="referee3" class="domain.Referee">
	
	    <property name="userAccount"><ref bean = "refereeUserAccount3" /></property>
		<property name="name" value="Pepe" />
		<property name="surname" value="Castro" />
		<property name="email" value="Pepe@gmail.com" />
		<property name="phoneNumber" value="+34 (193) 672345672" />
		<property name="address" value="Calle Ave del Paraiso N2" />
		<property name="numSocialProfile" value="9" />
		<property name="boxes">
			<list>
				<ref bean = "box1referee3" />
				<ref bean = "box2referee3" />
				<ref bean = "box3referee3" />
				<ref bean = "box4referee3" />
				<ref bean = "box5referee3" />
			</list>
		</property>
		<property name="isBanned" value="true" />
		<property name="isSuspicious" value="false" />
	
	</bean>
	
	
<!-- BoxReferee3 -->
	
	<bean id="box1referee3" class="domain.Box">
		<property name="name" value="TrashBox" />
		<property name="systemBox" value="True" />
	</bean>
	
	<bean id="box2referee3" class="domain.Box">
		<property name="name" value="SpamBox" />
		<property name="systemBox" value="True" />
	</bean>
	
	<bean id="box3referee3" class="domain.Box">
		<property name="name" value="InBox" />
		<property name="systemBox" value="True" />
	</bean>
	
	<bean id="box4referee3" class="domain.Box">
		<property name="name" value="OutBox" />
		<property name="systemBox" value="True" />
	</bean>
	<bean id="box5referee3" class="domain.Box">
		<property name="name" value="ImportantBox" />
		<property name="systemBox" value="False" />
	</bean>
	
	
	
	    <!-- =================================================================================================================== -->
			
		<!-- _______________________________________________REPORTS_____________________________________________________________ -->
	
							 
						
<!-- report1 -->
	
	<bean id="report1" class="domain.Report">
		<property name="writtenMoment" value="12/11/1998 12:00" />
		<property name="description" value="descripcion 1" />
		<property name="attachment" value="http://unaurl" />
		<property name="isFinal" value="True" />
		<property name="referee" ref  = "referee1" /> 
	</bean>
	
	
<!-- report2 -->
	
	<bean id="report2" class="domain.Report">
		<property name="writtenMoment" value="10/11/2018 18:30" />
		<property name="description" value="descripcion 2" />
		<property name="attachment" value="http://unaurl2" />
		<property name="isFinal" value="True" />
		<property name="referee" ref = "referee2" /> 
	</bean>
	
	
	<!-- report3 -->
	
	<bean id="report3" class="domain.Report">
		<property name="writtenMoment" value="9/11/2018 18:30" />
		<property name="description" value="descripcion 3" />
		<property name="attachment" value="http://rlgha" />
		<property name="isFinal" value="True" />
		<property name="referee" ref = "referee1" /> 
	</bean>
	
	
	
	<!-- report4 -->
	
	<bean id="report4" class="domain.Report">
		<property name="writtenMoment" value="11/11/2018 18:30" />
		<property name="description" value="descripcion 4" />
		<property name="attachment" value="http://hola" />
		<property name="isFinal" value="false" />
		<property name="referee" ref = "referee3" /> 
	</bean>
	
	
	
	
	    <!-- =================================================================================================================== -->
			
		<!-- _______________________________________________NOTES_______________________________________________________________ -->
	
							
	
<!-- note1 -->	
	
	<bean id="note1" class="domain.Note">
		<property name="writtenMoment" value="12/11/2017 12:00" />
		<property name="customerComment" value="Este es el comentario del cliente" />
		<property name="report" > <ref bean = "report1" /> </property>
	</bean>
	
	
<!-- note2 -->		
	
	<bean id="note2" class="domain.Note">
		<property name="writtenMoment" value="10/11/2017 11:00" />
		<property name="customerComment" value="Este es el comentario del cliente" />
		<property name="handyWorkerComment" value="Este es el comentario del trabajador" />
		<property name="refereeComment" value="Este es el comentario del árbitro" />
		<property name="report" > <ref bean = "report1" /> </property>
	</bean>
	
	
	
<!-- note3 -->		
	
	<bean id="note3" class="domain.Note">
		<property name="writtenMoment" value="12/12/2017 12:00" />
		<property name="refereeComment" value="Este es el comentario del árbitro" />
		<property name="report" > <ref bean = "report1" /> </property>
	</bean>



<!-- note4 -->	

	<bean id="note4" class="domain.Note">
		<property name="writtenMoment" value="10/10/2017 10:00" />
		<property name="handyWorkerComment" value="Este es el comentario del trabajador" />
		<property name="refereeComment" value="Este es el comentario del árbitro" />
		<property name="report" > <ref bean = "report2" /> </property>
	</bean>
	
	
<!-- note5 -->	
	
	<bean id="note5" class="domain.Note">
		<property name="writtenMoment" value="10/10/2016 10:00" />
		<property name="customerComment" value="Este es el comentario del cliente" />
		<property name="handyWorkerComment" value="Este es el comentario del trabajador" />
		<property name="report"  ref= "report2" /> 
	</bean>
	
	
	

	
	  <!-- =================================================================================================================== -->
			
	   <!-- _______________________________________________CUSTOMERS_______________________________________________________________ -->

	
	 													
 <!-- customer1 -->													
	  				
	  <bean id="customer1" class="domain.Customer">
	
		    <property name="userAccount"><ref bean = "customerUserAccount1" /></property>
			<property name="name" value="Lola" />
			<property name="middleName" value="Hugarte" />
			<property name="surname" value="Hernandez" />
			<property name="photo" value="http://Lola.com" />
			<property name="email" value="lola@gmail.com" />
			<property name="phoneNumber" value="+34 (123) 698893476" />
			<property name="address" value="Avenida  Alola" />
			<property name="numSocialProfile" value="8" />
		    <property name="boxes">
				 <list>
				     <ref bean = "box1Customer1" />
				     <ref bean = "box2Customer1" />
				     <ref bean = "box3Customer1" />
				     <ref bean = "box4Customer1" />
				 </list>
			</property>
			<property name="isBanned" value="true" />
		    <property name="isSuspicious" value="false" />
		</bean>
		
		

<!-- BoxCustomer1 -->
	
	<bean id="box1Customer1" class="domain.Box">
		<property name="name" value="TrashBox" />
		<property name="systemBox" value="True" />
	</bean>
	
	<bean id="box2Customer1" class="domain.Box">
		<property name="name" value="SpamBox" />
		<property name="systemBox" value="True" />
	</bean>
	
	<bean id="box3Customer1" class="domain.Box">
		<property name="name" value="InBox" />
		<property name="systemBox" value="True" />
	</bean>
	
	<bean id="box4Customer1" class="domain.Box">
		<property name="name" value="OutBox" />
		<property name="systemBox" value="True" />
	</bean>
	
	<!-- customer2 Con todo - addrees y ademas tiene un score -->													
	  				
	  <bean id="customer2" class="domain.Customer">
	
		    <property name="userAccount"><ref bean = "customerUserAccount2" /></property>
			<property name="name" value="Ana" />
			<property name="middleName" value="Hugarte" />
			<property name="surname" value="Hernandez" />
			<property name="photo" value="http://Loa.com" />
			<property name="email" value="loa@gmail.com" />
			<property name="phoneNumber" value="+34 (123) 690893476" />
			<property name="numSocialProfile" value="8" />
		    <property name="boxes">
				 <list>
				     <ref bean = "box1Customer2" />
				     <ref bean = "box2Customer2" />
				     <ref bean = "box3Customer2" />
				     <ref bean = "box4Customer2" />
				 </list>
			</property>
			<property name="score" value="0.4" />
			<property name="isBanned" value="true" />
		    <property name="isSuspicious" value="false" />
		</bean>
		
		

<!-- BoxCustomer2 -->
	
	<bean id="box1Customer2" class="domain.Box">
		<property name="name" value="TrashBox" />
		<property name="systemBox" value="True" />
	</bean>
	
	<bean id="box2Customer2" class="domain.Box">
		<property name="name" value="SpamBox" />
		<property name="systemBox" value="True" />
	</bean>
	
	<bean id="box3Customer2" class="domain.Box">
		<property name="name" value="InBox" />
		<property name="systemBox" value="True" />
	</bean>
	
	<bean id="box4Customer2" class="domain.Box">
		<property name="name" value="OutBox" />
		<property name="systemBox" value="True" />
	</bean>
	
	
	
	<!-- =================================================================================================================== -->
			
	   <!-- _______________________________________________ENDORSEMENTS_______________________________________________________________ -->

	
							

	
	
<!-- endorsement1 -->	

	<bean id="endorsement1" class="domain.Endorsement">
		<property name="moment" value="12/11/2008 12:00" />
		<property name="comments" value="Eres muy malo" />
		<property name="sender"> <ref bean = "customer2" /> </property>
		<property name="recipient" ref  = "customer1" />
	</bean>	
	
	
	<!-- endorsement2 sin coment -->
	<bean id="endorsement2" class="domain.Endorsement">
		<property name="moment" value="12/11/2008 12:00" />
		<property name="sender"> <ref bean = "customer2" /> </property>
		<property name="recipient" ref  = "customer1" />
	</bean>	
	
	
			<!-- =================================================================================================================== -->
			
			<!-- ______________________________________COMPLAINT_______________________________________ -->	
		
	
<!-- Complaint1 -->	
	
	<bean id="complaint1" class="domain.Complaint">
		<property name="ticker" value="180112-000001" />
		<property name="moment" value="12/11/2009 12:00" />
		<property name="descrition" value="Una descripcion" />
		<property name="attachementNumber" value="11" />
		<property name="customer" ref = "customer1" />
		<property name="fixUpTask" ref = "fixuptask1" />
		
	</bean>	
	
	
<!-- Complaint2 -->	
	
	<bean id="complaint2" class="domain.Complaint">
		<property name="ticker" value="180112-000002" />
		<property name="moment" value="12/11/2009 11:00" />
		<property name="descrition" value="Una descripcion" />
		<property name="customer" ref = "customer2" />
		<property name="fixUpTask" ref = "fixuptask1" />
	</bean>	
	
<!-- Complaint3 -->	
	
	<bean id="complaint3" class="domain.Complaint">
		<property name="ticker" value="180112-000003" />
		<property name="moment" value="12/11/2009 11:00" />
		<property name="descrition" value="Una descripcion" />
		<property name="customer" ref = "customer1" />
		<property name="fixUpTask" ref = "fixuptask2" />
		
	</bean>	
	
	


	<!-- =================================================================================================================== -->
			
	   <!-- _______________________________________________CURRICULUM_______________________________________________________________ -->


 <!-- curriculum1-->


	<bean id="curriculum1" class="domain.Curriculum">
		<property name="ticker" value="181110-123456" />
		<property name="personalRecord" ><ref bean="personalRecord1"/>
		</property>
		<property name="educationRecords" ><list><ref bean="educationRecord1"/></list>
		</property>
		<property name="professionalRecords" ><list><ref bean="professionalRecord1"/></list>
		</property>
		<property name="endorserRecords" ><list><ref bean="endorserRecord1"/></list>
		</property>
		<property name="miscellaneousRecords" ><list><ref bean="miscellaneousRecord1"/></list>
		</property>
	</bean>

 <!-- personalRecord1-->
 
	<bean id="personalRecord1" class="domain.PersonalRecord">
		<property name="fullName" value="Pepe Galindo" />
		<property name="photo" value="http://unaurl" />
		<property name="email" value="octavio@gmail.com"  />
		<property name="phoneNumber" value="+34 (123) 678893476"  />
		<property name="urlLinkedin" value="http://unaurl" />
		
	</bean>

 <!-- educationrecord1-->
 
 
	<bean id="educationRecord1" class="domain.EducationRecord">
		<property name="title" value="Pepe Galindo" />
		<property name="startDate" value="12/9/2010 12:00"  />
		<property name="endDate" value="12/11/1998 12:35"  />
		<property name="institution" value="US"  />
		<property name="link" value="http://unaurl" />
		<property name="comment" value="Todo perfecto funciona sobre ruedas" />
	</bean>




<!-- professionalRecord1-->


	<bean id="professionalRecord1" class="domain.ProfessionalRecord">
		<property name="companyName" value="emasesa" />
		<property name="startDate" value="12/9/2010 12:00"  />
		<property name="endDate" value="12/11/1998 12:35"  />
		<property name="rolePlayed" value="admministrator"  />
		<property name="attachmentLink" value="http://unaurl" />
		<property name="comment" value="prueba 1" />
	</bean>
	
	
	
<!-- endorserRecord1-->




	<bean id="endorserRecord1" class="domain.EndorserRecord">
		<property name="fullName" value="Lola Camino Gómez" />
		<property name="email" value="octavio@gmail.com" />
		<property name="phoneNumber" value="+34 (123) 678893978"  />
		<property name="linkedinLink" value="http://unaurl"  />
		<property name="comment" value="prueba 9" />
	</bean>





<!-- miscellaneousRecord1-->


	<bean id="miscellaneousRecord1" class="domain.MiscellaneousRecord">
		<property name="title" value="final de prueba" />
		<property name="attachmentLink" value="http://unaurl" />
		<property name="comment" value="si funciona" />	
	</bean>

<!-- curriculum2-->

	<bean id="curriculum2" class="domain.Curriculum">
		<property name="ticker" value="181110-123457" />
		<property name="personalRecord" ><ref bean="personalRecord2"/>
		</property>
		<property name="educationRecords" ><list><ref bean="educationRecord2"/></list>
		</property>
	</bean>
	
	
	
	
<!-- personalRecord2-->

	<bean id="personalRecord2" class="domain.PersonalRecord">
		<property name="fullName" value="Chema Galindo" />
		<property name="photo" value="http://unaurl" />
		<property name="email" value="octavio@gmail.com"  />
		<property name="phoneNumber" value="+34 (123) 678893456"  />
		<property name="urlLinkedin" value="http://unaurl" />
	</bean>
	
	
<!-- educationRecord2-->
	
	<bean id="educationRecord2" class="domain.EducationRecord">
		<property name="title" value="Pepe Galindo" />
		<property name="startDate" value="12/9/2010 12:00"  />
		<property name="endDate" value="12/11/1998 12:35"  />
		<property name="institution" value="US"  />
		<property name="link" value="http://unaurl" />
		<property name="comment" value="Todo perfecto funciona sobre ruedas" />
	</bean>

<!-- curriculum3-->

	<bean id="curriculum3" class="domain.Curriculum">
		<property name="ticker" value="181110-123477" />
		<property name="personalRecord" ><ref bean="personalRecord3"/>
		</property>
	</bean>
	
<!-- personalRecord3-->

	<bean id="personalRecord3" class="domain.PersonalRecord">
		<property name="fullName" value="Gonzalo Galindo" />
		<property name="photo" value="http://unaurl" />
		<property name="email" value="octavio@gmail.com"  />
		<property name="phoneNumber" value="+34 (123) 678893456"  />
		<property name="urlLinkedin" value="http://unaurl" />
		
	</bean>
	
	
<!-- curriculum4-->


	<bean id="curriculum4" class="domain.Curriculum">
		<property name="ticker" value="181110-123877" />
		<property name="personalRecord" ><ref bean="personalRecord4"/>
		</property>
		<property name="endorserRecords" ><list><ref bean="endorserRecord4"/><ref bean="endorserRecord5"/></list>
		</property>
		<property name="miscellaneousRecords" ><list><ref bean="miscellaneousRecord4"/></list>
		</property>	
	</bean>
	
	
	
<!-- personalRecord4-->	

	<bean id="personalRecord4" class="domain.PersonalRecord">
		<property name="fullName" value="Maria Galindo" />
		<property name="photo" value="http://unaurl" />
		<property name="email" value="maria@gmail.com"  />
		<property name="phoneNumber" value="+34 (123) 678365456"  />
		<property name="urlLinkedin" value="http://unaurl" />
	</bean>
	
	
	
<!-- personalRecord4-->	
	
	<bean id="endorserRecord4" class="domain.EndorserRecord">
		<property name="fullName" value="Lola Pérez Gómez" />
		<property name="email" value="lolita@gmail.com" />
		<property name="phoneNumber" value="+34 (123) 678893977"  />
		<property name="linkedinLink" value="http://unaurl"  />
		<property name="comment" value="prueba 10" />
	</bean>
	
	
<!-- endorserRecord5-->

	<bean id="endorserRecord5" class="domain.EndorserRecord">
		<property name="fullName" value="Antonia Gómez" />
		<property name="email" value="antonia@gmail.com" />
		<property name="phoneNumber" value="+34 (123) 878893978"  />
		<property name="linkedinLink" value="http://url"  />
		<property name="comment" value="muy contenta" />
	</bean>
	
<!-- miscellaneousRecord4-->
	
	<bean id="miscellaneousRecord4" class="domain.MiscellaneousRecord">
		<property name="title" value="final de prueba 2" />
		<property name="attachmentLink" value="http://unaul" />
		<property name="comment" value="es pero que funciona" />
	</bean>	
	
	
	
	
	
	
	<!-- =================================================================================================================== -->
			
	   <!-- _______________________________________________HANDYWORKER_______________________________________________________________ -->
	
	
	
	
	
	 <bean id="handyWorker1" class="domain.HandyWorker">
		<property name="userAccount"><ref bean = "handyUserAccount1" /></property>
		<property name="name" value="Juan" />
		<property name="middleName" value="Luis" />
		<property name="surname" value="Pérez Martínez" />
		<property name="photo" value="http://www.us.es" />
		<property name="email" value="juapermar200@alum.us.es" />
		<property name="phoneNumber" value="+34 (655) 55555343" />
		<property name="address" value="Avenida de Andalucía, nº 2" />
		<property name="numSocialProfile" value="1" />
		<property name="curriculum" ref="curriculum1" />
		<property name="boxes">
		
			<list>
			<ref bean = "box1_handyWorker_1" />
			<ref bean = "box2_handyWorker_1" />
			<ref bean = "box3_handyWorker_1" />
			<ref bean = "box4_handyWorker_1" />
			</list>
		</property>
		<property name="make" value="Juan e hijos" />
		<property name="isBanned" value="true" />
		<property name="isSuspicious" value="false" />
	</bean>
	
	
<!-- boxesHandyWorker-->	

	<bean id="box1_handyWorker_1" class="domain.Box">
		<property name="name" value="TrashBox" />
		<property name="systemBox" value="True" />
	</bean>
	
	<bean id="box2_handyWorker_1" class="domain.Box">
		<property name="name" value="SpamBox" />
		<property name="systemBox" value="True" />
	</bean>
	
	<bean id="box3_handyWorker_1" class="domain.Box">
		<property name="name" value="InBox" />
		<property name="systemBox" value="True" />
	</bean>
	
	<bean id="box4_handyWorker_1" class="domain.Box">
		<property name="name" value="OutBox" />
		<property name="systemBox" value="True" />
	</bean> 
	
	
	
	
	 <bean id="handyWorker2" class="domain.HandyWorker">
		<property name="userAccount"><ref bean = "handyUserAccount2" /></property>
		<property name="name" value="Juan" />
		<property name="middleName" value="Manuel" />
		<property name="surname" value="Pérez Martínez" />
		<property name="photo" value="http://www.us.es" />
		<property name="email" value="juapermar2001@alum.us.es" />
		<property name="phoneNumber" value="+34 (655) 55559343" />
		<property name="numSocialProfile" value="1" />
		<property name="curriculum" ref="curriculum2" />
		<property name="boxes">
		
			<list>
			<ref bean = "box1_handyWorker_2" />
			<ref bean = "box2_handyWorker_2" />
			<ref bean = "box3_handyWorker_2" />
			<ref bean = "box4_handyWorker_2" />
			</list>
		</property>
		<property name="make" value="Juan e hijos" />
		<property name="isBanned" value="true" />
		<property name="isSuspicious" value="false" />
	</bean>
	
	
<!-- boxesHandyWorker-->	

	<bean id="box1_handyWorker_2" class="domain.Box">
		<property name="name" value="TrashBox" />
		<property name="systemBox" value="True" />
	</bean>
	
	<bean id="box2_handyWorker_2" class="domain.Box">
		<property name="name" value="SpamBox" />
		<property name="systemBox" value="True" />
	</bean>
	
	<bean id="box3_handyWorker_2" class="domain.Box">
		<property name="name" value="InBox" />
		<property name="systemBox" value="True" />
	</bean>
	
	<bean id="box4_handyWorker_2" class="domain.Box">
		<property name="name" value="OutBox" />
		<property name="systemBox" value="True" />
	</bean> 
	



	 <bean id="handyWorker3" class="domain.HandyWorker">
		<property name="userAccount"><ref bean = "handyUserAccount3" /></property>
		<property name="name" value="Antonio" />
		<property name="surname" value="Pérez Alvarez" />
		<property name="photo" value="http://www.us.es" />
		<property name="email" value="Antonio2001@alum.us.es" />
		<property name="phoneNumber" value="+34 (655) 55559343" />
		<property name="numSocialProfile" value="1" />
		<property name="curriculum" ref="curriculum3" />
		<property name="boxes">
		
			<list>
			<ref bean = "box1_handyWorker_3" />
			<ref bean = "box2_handyWorker_3" />
			<ref bean = "box3_handyWorker_3" />
			<ref bean = "box4_handyWorker_3" />
			</list>
		</property>
		<property name="make" value="Gamusinos S.A" />
		<property name="isBanned" value="true" />
		<property name="isSuspicious" value="false" />
	</bean>
	
	
<!-- boxesHandyWorker-->	

	<bean id="box1_handyWorker_3" class="domain.Box">
		<property name="name" value="TrashBox" />
		<property name="systemBox" value="True" />
	</bean>
	
	<bean id="box2_handyWorker_3" class="domain.Box">
		<property name="name" value="SpamBox" />
		<property name="systemBox" value="True" />
	</bean>
	
	<bean id="box3_handyWorker_3" class="domain.Box">
		<property name="name" value="InBox" />
		<property name="systemBox" value="True" />
	</bean>
	
	<bean id="box4_handyWorker_3" class="domain.Box">
		<property name="name" value="OutBox" />
		<property name="systemBox" value="True" />
	</bean> 
	
	
	
	
		 <bean id="handyWorker4" class="domain.HandyWorker">
		<property name="userAccount"><ref bean = "handyUserAccount4" /></property>
		<property name="name" value="Manuel" />
		<property name="surname" value="Merino Monje" />
		<property name="email" value="merino@alum.us.es" />
		<property name="phoneNumber" value="+34 (655) 50059343" />
		<property name="numSocialProfile" value="1" />
		<property name="curriculum" ref="curriculum4" />
		<property name="boxes">
		
			<list>
			<ref bean = "box1_handyWorker_4" />
			<ref bean = "box2_handyWorker_4" />
			<ref bean = "box3_handyWorker_4" />
			<ref bean = "box4_handyWorker_4" />
			</list>
		</property>
		<property name="make" value="DFT S.A" />
	</bean>
	
	
<!-- boxesHandyWorker-->	

	<bean id="box1_handyWorker_4" class="domain.Box">
		<property name="name" value="TrashBox" />
		<property name="systemBox" value="True" />
	</bean>
	
	<bean id="box2_handyWorker_4" class="domain.Box">
		<property name="name" value="SpamBox" />
		<property name="systemBox" value="True" />
	</bean>
	
	<bean id="box3_handyWorker_4" class="domain.Box">
		<property name="name" value="InBox" />
		<property name="systemBox" value="True" />
	</bean>
	
	<bean id="box4_handyWorker_4" class="domain.Box">
		<property name="name" value="OutBox" />
		<property name="systemBox" value="True" />
	</bean> 



	
	<!-- =================================================================================================================== -->
			
	   <!-- _______________________________________________SPONSOR_______________________________________________________________ -->
	
	

<!-- sponsor1-->
		
	<bean id="sponsor1" class="domain.Sponsor">
		<property name="userAccount"><ref bean = "sponsorUserAccount1" /></property>
		<property name="name" value="Vicente" />
		<property name="middleName" value="Luis" />
		<property name="surname" value="López Barrera" />
		<property name="photo" value="http://www.us.es" />
		<property name="email" value="viclopar3290@alum.us.es" />
		<property name="phoneNumber" value="+34 (615) 893271" />
		<property name="address" value="Calle Viña, nº 6" />
		<property name="numSocialProfile" value="4" />
		<property name="boxes">
			<list>
			<ref bean = "box1_sponsor1" />
			<ref bean = "box2_sponsor1" />
			<ref bean = "box3_sponsor1" />
			<ref bean = "box4_sponsor1" />
			</list>
		</property>
		<property name="isBanned" value="true" />
		<property name="isSuspicious" value="false" />
	</bean>
	
	<bean id="box1_sponsor1" class="domain.Box">
		<property name="name" value="TrashBox" />
		<property name="systemBox" value="True" />
	</bean>
	
	<bean id="box2_sponsor1" class="domain.Box">
		<property name="name" value="SpamBox" />
		<property name="systemBox" value="True" />
	</bean>
	
	<bean id="box3_sponsor1" class="domain.Box">
		<property name="name" value="InBox" />
		<property name="systemBox" value="True" />
	</bean>
	
	<bean id="box4_sponsor1" class="domain.Box">
		<property name="name" value="OutBox" />
		<property name="systemBox" value="True" />
	</bean>
	
	
<!-- sponsor2-->	


	<bean id="sponsor2" class="domain.Sponsor">
		<property name="userAccount"><ref bean = "sponsorUserAccount2" /></property>
		<property name="name" value="Pablo" />
		<property name="surname" value="López Limones" />
		<property name="email" value="viclopar390@alum.us.es" />
		<property name="phoneNumber" value="+34 (615) 8900271" />
		<property name="address" value="Calle Viña, nº 6" />
		<property name="numSocialProfile" value="4" />
		<property name="boxes">
			<list>
			<ref bean = "box1_sponsor2" />
			<ref bean = "box2_sponsor2" />
			<ref bean = "box3_sponsor2" />
			<ref bean = "box4_sponsor2" />
			</list>
		</property>
		<property name="isBanned" value="true" />
		<property name="isSuspicious" value="false" />
	</bean>
	
	<bean id="box1_sponsor2" class="domain.Box">
		<property name="name" value="TrashBox" />
		<property name="systemBox" value="True" />
	</bean>
	
	<bean id="box2_sponsor2" class="domain.Box">
		<property name="name" value="SpamBox" />
		<property name="systemBox" value="True" />
	</bean>
	
	<bean id="box3_sponsor2" class="domain.Box">
		<property name="name" value="InBox" />
		<property name="systemBox" value="True" />
	</bean>
	
	<bean id="box4_sponsor2" class="domain.Box">
		<property name="name" value="OutBox" />
		<property name="systemBox" value="True" />
	</bean>
	
	
	
	
		<!-- =================================================================================================================== -->
			
	   <!-- _______________________________________________TUTORIAL_______________________________________________________________ -->
	
	
	
	
	 <bean id="tutorial1" class="domain.Tutorial">
		<property name="title" value="Tutorial sobre cómo enfoscar una pared" />
		<property name="moment" value="05/05/2018 13:00" />
		<property name="summary" value="Resumen del tutorial sobre cómo enfoscar una pared." />
		<property name="pictures" value="http://www.us.es" />
		<property name="sections" >
			<list>
				<ref bean = "section1" />
				<ref bean = "section2" />
			</list>
		</property>
		<property name="handyWorker" ref  = "handyWorker1" />
		
	</bean> 
	
	
	
	 <bean id="tutorial2" class="domain.Tutorial">
		<property name="title" value="Tutorial sobre cómo enfoscar una pared 2" />
		<property name="moment" value="05/05/2018 13:00" />
		<property name="summary" value="Resumen del tutorial sobre cómo enfoscar una pared 2." />
		<property name="pictures" value="http://www.us.es" />
		<property name="sections" >
			<list>
				<ref bean = "section3" />
				
			</list>
		</property>
		<property name="handyWorker" ref  = "handyWorker2" />
		
	</bean> 
	
	
	
	<!-- =================================================================================================================== -->
			
	   <!-- _______________________________________________SECTION_______________________________________________________________ -->
	
	<bean id="section1" class="domain.Section">
		<property name="number" value="3" />
		<property name="title" value="Sección 1" />
		<property name="pieceOfText" value="Ejemplo de texto." />
		<property name="pictures" value="http://www.us.es" />
	</bean>
	
	<bean id="section2" class="domain.Section">
		<property name="number" value="2" />
		<property name="title" value="Sección 2" />
		<property name="pieceOfText" value="Ejemplo de texto." />
		<property name="pictures" value="http://www.us.es" />
	</bean>
	
	
	<bean id="section3" class="domain.Section">
		<property name="number" value="1" />
		<property name="title" value="Sección 3" />
		<property name="pieceOfText" value="Ejemplo de texto." />
		<property name="pictures" value="http://www.us.es" />
	</bean>
	
	
	
	
	
			<!-- =================================================================================================================== -->
			
	   <!-- _______________________________________________SPONSORSHIP_______________________________________________________________ -->
	   
	   
	   
	   
	 <bean id="sponsorship1" class="domain.SponsorShip" >
		<property name="bannerLink" value="http://www.us.es" />
		<property name="targetLink" value="http://www.us.es" />
		<property name="creditCardNumber" value="4111111111111111" />
		<property name="tutorial">
			<ref bean = "tutorial1" />
		</property>
		<property name="sponsor"  ref  = "sponsor1" />
		
	</bean> 
	
	<bean id="sponsorship2" class="domain.SponsorShip" >
		<property name="bannerLink" value="http://www.us.es" />
		<property name="targetLink" value="http://www.us.es" />
		<property name="creditCardNumber" value="4111111111111111" />
		<property name="tutorial" ref  = "tutorial2" />		
		<property name="sponsor"  ref  = "sponsor2" />
		
	</bean> 
	
	
	
	
		<!-- =================================================================================================================== -->
			
	   <!-- _______________________________________________FINDER_______________________________________________________________ -->
	   
	
	<bean id="finder1" class="domain.Finder">
	     <property name="lastUpdate"  value  = "10/01/1900 12:00" />
	</bean>
	
	
	<bean id="finder2" class="domain.Finder">
		<property name="keyWord"  value  = "Cocina" />
		<property name="category"  value  = "Pequeña" />
	     <property name="lastUpdate"  value  = "10/01/1900 12:00" />
	</bean>
	
	
	<bean id="finder3" class="domain.Finder">
		<property name="keyWord"  value  = "Baño" />
		<property name="category"  value  = "Fácil" />
		<property name="priceMin"  value  = "0" />
		<property name="priceMax"  value  = "2000.00" />
		<property name="dateMin"  value  = "10/01/2018 12:00" />
		<property name="dateMax"  value  = "10/02/2018 12:00" />
	     <property name="lastUpdate"  value  = "10/01/1900 12:00" />
	</bean>


	

<!-- =================================================================================================================== -->
<!-- _____________________________APPLICATIONS____________________________ -->

	<bean id="application1" class="domain.Application">

		<property name="moment" value="12/10/2010 22:00" />
		<property name="status" value="REJECTED" />
		<property name="offeredPrice" value="15.42" />
		<property name="comment" value="Application one" />
		<property name="rejectionReason" value="You are a noob user" />
        <property name="handyWorker" ref="handyWorker1" />
        <property name="fixUpTask" ref="fixuptask1" />
        
	</bean>

	<bean id="application2" class="domain.Application">

		<property name="moment" value="1/16/2014 22:00" />
		<property name="status" value="PENDING" />
		<property name="offeredPrice" value="2008.12" />
		<property name="comment" value="Application two" />
		<property name="handyWorker" ref="handyWorker2" />
		 <property name="fixUpTask" ref="fixuptask2" />
		
	</bean>

	<bean id="application3" class="domain.Application">

		<property name="moment" value="1/16/2018 22:00" />
		<property name="status" value="ACCEPTED" />
		<property name="offeredPrice" value="1000.00" />
		<property name="comment" value="Application three" />
		  <property name="handyWorker" ref="handyWorker3" />
		   <property name="fixUpTask" ref="fixuptask1" />
		
	</bean>
	
	
	<bean id="application4" class="domain.Application">

		<property name="moment" value="2/16/2018 22:00" />
		<property name="status" value="ACCEPTED" />
		<property name="offeredPrice" value="1090.00" />
		<property name="comment" value="Application three" />
		<property name="handyWorker" ref="handyWorker3" />
		 <property name="fixUpTask" ref="fixuptask2" />
		
	</bean>
	
	
		<bean id="application5" class="domain.Application">

		<property name="moment" value="2/16/2018 22:00" />
		<property name="status" value="ACCEPTED" />
		<property name="offeredPrice" value="1090.00" />
		<property name="comment" value="Application three" />
		<property name="handyWorker" ref="handyWorker3" />
		<property name="fixUpTask" ref="fixuptask2" />
		
	</bean>
	
	
	
	
	
	

<!-- =================================================================================================================== -->
	<!-- _____________________________PHASES____________________________ -->
	<bean id="phase1" class="domain.Phase">

		<property name="title" value="Phase one" />
		<property name="description" value="This is a example of phase 1" />
		<property name="startMoment" value="5/11/2009 13:15" />
		<property name="endMoment" value="2/10/2014 22:00" />
		<property name="fixUpTask" ref="fixuptask1" />

	</bean>

	<bean id="phase2" class="domain.Phase">

		<property name="title" value="Phase two" />
		<property name="description" value="This is a example of phase 2" />
		<property name="startMoment" value="5/12/2010 13:15" />
		<property name="endMoment" value="2/19/2014 22:00" />
		<property name="fixUpTask" ref="fixuptask2" />

	</bean>

	<bean id="phase3" class="domain.Phase">

		<property name="title" value="Phase three" />
		<property name="description" value="This is a example of phase 3" />
		<property name="startMoment" value="5/11/2015 13:15" />
		<property name="endMoment" value="2/20/2016 22:00" />
		<property name="fixUpTask" ref="fixuptask3" />

	</bean>
<!-- =================================================================================================================== -->
	<!-- _____________________________FIXUPTASKS____________________________ -->

	<bean id="fixuptask1" class="domain.FixUpTask">

		<property name="ticker" value="180112-100001" />
		<property name="moment" value="3/30/2012 22:00" />
		<property name="description" value="Fix the floor of the whole house" />
		<property name="address" value="Calle Habichuelas n 15" />
		<property name="maxPrice" value="788.14" />
		<property name="startTime" value="3/25/2015 12:13" />
		<property name="endTime" value="4/30/2015 9:24" />
		<property name="category" ref="category1" />
		<property name="finder" ref="finder1" />
		<property name="customer" ref="customer1" />

	</bean>

	<bean id="fixuptask2" class="domain.FixUpTask">

		<property name="ticker" value="180112-010001" />
		<property name="moment" value="3/30/2015 22:00" />
		<property name="description" value="Fix the wall of the living room" />
		<property name="address" value="Calle Ramonzuelo n 32" />
		<property name="maxPrice" value="200.15" />
		<property name="startTime" value="3/20/2015 12:13" />
		<property name="endTime" value="4/1/2015 9:24" />
		<property name="category" ref="category2" />
		<property name="finder" ref="finder1" />
		<property name="customer" ref="customer1" />
		
	</bean>

	<bean id="fixuptask3" class="domain.FixUpTask">

		<property name="ticker" value="180112-090001" />
		<property name="moment" value="3/20/2015 15:17" />
		<property name="description" value="Fix the door of a room" />
		<property name="address" value="Calle Consuelo n 2" />
		<property name="maxPrice" value="150.54" />
		<property name="startTime" value="3/20/2016 12:13" />
		<property name="endTime" value="3/30/2016 14:00" />
		<property name="category" ref="category3" />
		<property name="finder" ref="finder1" />
		<property name="customer" ref="customer2" />
	</bean>
	
	
	<bean id="fixuptask4" class="domain.FixUpTask">

		<property name="ticker" value="180112-090011" />
		<property name="moment" value="3/20/2016 15:17" />
		<property name="description" value="Fix the door of a kitchen" />
		<property name="address" value="Calle arribas n 2" />
		<property name="maxPrice" value="170.54" />
		<property name="startTime" value="3/20/2017 12:13" />
		<property name="endTime" value="10/30/2018 14:00" />
		<property name="category" ref="category1" />
		<property name="finder" ref="finder2" />
		<property name="customer" ref="customer1" />
	</bean>
	
	
	
<!-- =================================================================================================================== -->
	<!-- _____________________________CATEGORIES____________________________ -->

	<bean id="category1" class="domain.Category">
		<property name="name" value="kitchen" />
	</bean>


	<bean id="category2" class="domain.Category">
		<property name="name" value="CONCRETE WORK" />
		<property name="categories" ref="category1" />
	</bean>

	<bean id="category3" class="domain.Category">
		<property name="name" value="DOOR" />
	</bean>
	
	
	<bean id="category4" class="domain.Category">
		<property name="name" value="Carpentry" />
	</bean>
	
	<bean id="category5" class="domain.Category">
		<property name="name" value="Ceiling repair" />
	</bean>
	
	<bean id="category6" class="domain.Category">
		<property name="name" value="Cleaning" />
	</bean>
	
	<bean id="category7" class="domain.Category">
		<property name="name" value="pen" />
	</bean>
	
	<bean id="category8" class="domain.Category">
		<property name="name" value="Doors" />
	</bean>
	
	<bean id="category9" class="domain.Category">
		<property name="name" value="systems" />
	</bean>
	
	<bean id="category10" class="domain.Category">
		<property name="name" value="installation" />
	</bean>
	
	<bean id="category11" class="domain.Category">
		<property name="name" value="Lamp repairs" />
	</bean>
	
	<bean id="category12" class="domain.Category">
		<property name="name" value="Moving" />
	</bean>
	
	<bean id="category13" class="domain.Category">
		<property name="name" value="Painting" />
	</bean>
		
	<bean id="category14" class="domain.Category">
		<property name="name" value="Plumbing repairs" />
	</bean>
	
	<bean id="category15" class="domain.Category">
		<property name="name" value="Roofing" />
	</bean>
	
	<bean id="category16" class="domain.Category">
		<property name="name" value="Shelf installation" />
	</bean>
	
	<bean id="category17" class="domain.Category">
		<property name="name" value="Solar panels" />
	</bean>
	
	<bean id="category18" class="domain.Category">
		<property name="name" value="Soundproofing" />
	</bean>
	
	<bean id="category19" class="domain.Category">
		<property name="name" value="Sprinkler repair" />
	</bean>
	
	<bean id="category20" class="domain.Category">
		<property name="name" value="Window repair" />
	</bean>
	
	<bean id="category21" class="domain.Category">
		<property name="name" value="Insulation" />
	</bean>
	
	 <bean id="category22" class="domain.Category">
		<property name="name" value="Pest control" />
		
			<property name="categories">
			<list>
			<ref bean = "category21" />
			</list>
		</property>
		
		
		
	</bean>
	


	
	
	
	
	
<!-- =================================================================================================================== -->
	<!-- _____________________________WARRANTIES____________________________ -->

	<bean id="warranty1" class="domain.Warranty">

		<property name="title" value="Warranty of user" />
		<property name="terms"
			value="User can´t use this warranty after the expired period" />
		<property name="applicableLaws" value="3" />
		<property name="isFinal" value="True" />
		<property name="fixUpTask" ref="fixuptask1" />
	</bean>

	<bean id="warranty2" class="domain.Warranty">

		<property name="title" value="Warranty of user" />
		<property name="terms"
			value="User can´t use this warranty after the expired period" />
		<property name="applicableLaws" value="2" />
		<property name="isFinal" value="True" />
		<property name="fixUpTask" ref="fixuptask2" />
	</bean>


	<bean id="warranty3" class="domain.Warranty">

		<property name="title" value="Warranty of user" />
		<property name="terms"
			value="User can´t use this warranty after the expired period" />
		<property name="applicableLaws" value="6" />
		<property name="isFinal" value="True" />
		<property name="fixUpTask" ref="fixuptask3" />
	</bean>





	 
	
</beans>
	
	
	
	
	
	
	
	
	
	
	
	
