<?xml version="1.0" encoding="UTF-8"?>

<!-- * converters.xml * * Copyright (C) 2018 Universidad de Sevilla * * The 
	use of this project is hereby constrained to the conditions of the * TDG 
	Licence, a copy of which you may download from * http://www.tdg-seville.info/License.html -->

<beans xmlns="http://www.springframework.org/schema/beans"
	xmlns:xsi="http://www.w3.org/2001/XMLSchema-instance" xmlns:util="http://www.springframework.org/schema/util"
	xsi:schemaLocation="
		http://www.springframework.org/schema/beans http://www.springframework.org/schema/beans/spring-beans-4.0.xsd
		http://www.springframework.org/schema/util http://www.springframework.org/schema/util/spring-util-4.0.xsd
	">

	<util:list id="converters">
		<!-- Add your own converters using entries of the following form: <bean 
			class="converters.Class1ToClass2" /> -->

		<bean class="converters.StringToBox" />
		<bean class="converters.StringToMessage" />
		<bean class="converters.BoxToString" />
		<bean class="converters.MessageToString" />
		<bean class="converters.StringToWarranty" />
		<bean class="converters.WarrantyToString" />
		<bean class="converters.StringToCategory" />
		<bean class="converters.CategoryToString" />
		<bean class="converters.StringToCustomer" />
		<bean class="converters.CustomerToString" />
		<bean class="converters.StringToCreditCard" />
		<bean class="converters.CreditCardToString" />
		<bean class="converters.StringToFixUpTask" />
		<bean class="converters.FixUpTaskToString" />
		<bean class="converters.ActorToString" />
		<bean class="converters.StringToActor" />
		<bean class="converters.FinderToString" />
		<bean class="converters.HandyWorkerToString" />
		<bean class="converters.StringToActor" />
		<bean class="converters.StringToFinder" />
		<bean class="converters.StringToHandyWorker" />
		<bean class="converters.StringToComplaint" />
		<bean class="converters.ComplaintToString" />
		<bean class="converters.StringToReport" />
		<bean class="converters.ReportToString" />
		<bean class="converters.RefereeToString" />
		<bean class="converters.StringToReferee" />
		<bean class="converters.StringToProfile" />
		<bean class="converters.ProfileToString" />
		<bean class="converters.StringToEndorser" />
		<bean class="converters.EndorserToString" />
		<bean class="converters.StringToEndorsement" />
		<bean class="converters.EndorsementToString" />
		<bean class="converters.StringToTutorial" />
		<bean class="converters.TutorialToString" />
		<bean class="converters.StringToSection" />
		<bean class="converters.SectionToString" />
		<bean class="converters.AuthorityToString" />
		<bean class="converters.StringToAuthority" />
		<bean class="converters.SponsorToString" />
		<bean class="converters.StringToSponsor" />
		<bean class="converters.StringToProfessionalRecord" />
		<bean class="converters.StringToPersonalRecord" />
		<bean class="converters.StringToMiscellaneousRecord" />
		<bean class="converters.StringToEndorserRecord" />
		<bean class="converters.StringToEducationRecord" />
		<bean class="converters.StringToCurriculum" />
		<bean class="converters.ProfessionalRecordToString" />
		<bean class="converters.PersonalRecordToString" />
		<bean class="converters.MiscellaneousRecordToString" />
		<bean class="converters.EndorserRecordToString" />
		<bean class="converters.EducationRecordToString" />
		<bean class="converters.CurriculumToString" />




	</util:list>

</beans>
