<?xml version="1.0" encoding="UTF-8"?>

<!--
 * security.xml
 *
 * Copyright (C) 2018 Universidad de Sevilla
 *
 * The use of this project is hereby constrained to the conditions of the
 * TDG Licence, a copy of which you may download from
 * http://www.tdg-seville.info/License.html
 -->

<beans xmlns="http://www.springframework.org/schema/beans"
	xmlns:xsi="http://www.w3.org/2001/XMLSchema-instance" xmlns:security="http://www.springframework.org/schema/security"
	xsi:schemaLocation="
		http://www.springframework.org/schema/beans http://www.springframework.org/schema/beans/spring-beans-4.0.xsd
        http://www.springframework.org/schema/security http://www.springframework.org/schema/security/spring-security-3.2.xsd
    ">

	<!-- Security infrastructure -->

	<bean id="loginService" class="security.LoginService" />

	<bean id="passwordEncoder"
		class="org.springframework.security.authentication.encoding.Md5PasswordEncoder" />

	<!-- Access control -->

	<security:http auto-config="true" use-expressions="true">
		<security:intercept-url pattern="/" access="permitAll" />

		<security:intercept-url pattern="/favicon.ico" access="permitAll" />
		<security:intercept-url pattern="/images/**" access="permitAll" />
		<security:intercept-url pattern="/scripts/**" access="permitAll" />
		<security:intercept-url pattern="/styles/**" access="permitAll" />

		<security:intercept-url pattern="/views/misc/index.jsp" access="permitAll" />

		<security:intercept-url pattern="/security/login.do" access="permitAll" />
		<security:intercept-url pattern="/security/loginFailure.do" access="permitAll" />

		<security:intercept-url pattern="/welcome/index.do" access="permitAll" />

		
		<security:intercept-url pattern="/fixUpTask/handyworker/listAll.do" access="hasRole('HANDYWORKER')"  />
		
		<security:intercept-url pattern="/finder/handyworker/search.do" access="hasRole('HANDYWORKER')"  />
		<security:intercept-url pattern="/finder/handyworker/showStored.do" access="hasRole('HANDYWORKER')"  />
		<security:intercept-url pattern="/finder/handyworker/results.do" access="hasRole('HANDYWORKER')"  />
		
		<security:intercept-url pattern="/admin/dashboard.do" access="hasRole('ADMIN')" /> 
	  <security:intercept-url pattern="/admin/create.do" access="hasRole('ADMIN')" /> 
	  <security:intercept-url pattern="/admin/edit.do" access="hasRole('ADMIN')" />	  
	  <security:intercept-url pattern="/admin/suspiciousActors/list.do" access="hasRole('ADMIN')" /> 
	  <security:intercept-url pattern="/admin/suspiciousActors/manageUserAccess.do" access="hasRole('ADMIN')" />
	  <security:intercept-url pattern="/admin/calculate-score.do" access="hasRole('ADMIN')" /> 
	  	  
	  <security:intercept-url pattern="/category/administrator/**" access="hasRole('ADMIN')" /> 
	  <security:intercept-url pattern="/category/administrator,handyworker,customer/show.do" access="hasAnyRole('ADMIN','CUSTOMER','HANDYWORKER')" />
	  	   
	  <security:intercept-url pattern="/warranty/administrator/**" access="hasRole('ADMIN')" />
	  <security:intercept-url pattern="/warranty/administrator,handyworker,customer/show.do" access="hasAnyRole('ADMIN','CUSTOMER','HANDYWORKER')" />
	  
	  	   
	  <security:intercept-url pattern="/referee/create.do" access="hasRole('ADMIN')" />
	  <security:intercept-url pattern="/referee/edit.do" access="hasRole('REFEREE')" />
		
		
		<security:intercept-url pattern="/application/handyworker/list.do" access="hasRole('HANDYWORKER')"  />
		<security:intercept-url pattern="/application/handyworker/create.do" access="hasRole('HANDYWORKER')"  />
		<security:intercept-url pattern="/application/handyworker/edit.do" access="hasRole('HANDYWORKER')"  />
		
		<security:intercept-url pattern="/phase/customer,handyworker/list.do" access="hasAnyRole('CUSTOMER', 'HANDYWORKER')" /> 
  		<security:intercept-url pattern="/phase/handyworker/create.do" access="hasRole('HANDYWORKER')" /> 
  		<security:intercept-url pattern="/phase/handyworker/edit.do" access="hasRole('HANDYWORKER')" /> 
  		<security:intercept-url pattern="/phase/customer,handyworker/show.do" access="hasAnyRole('CUSTOMER','HANDYWORKER')" /> 


		<security:intercept-url pattern="/box/list.do" access="isAuthenticated()" />
		<security:intercept-url pattern="/profile/action-1.do" access="isAuthenticated()" />
		<security:intercept-url pattern="/profile/action-2.do" access="isAuthenticated()" />
		<security:intercept-url pattern="/profile/action-3.do" access="isAuthenticated()" />

		<security:intercept-url pattern="/fixUpTask/handyworker/mylist.do" access="hasRole('HANDYWORKER')" />
	    <security:intercept-url pattern="/fixUpTask/customer/list.do" access="hasAnyRole('CUSTOMER','HANDYWORKER')"  />
		<security:intercept-url pattern="/fixUpTask/customer/create.do" access="hasAnyRole('CUSTOMER','HANDYWORKER')"  />
		<security:intercept-url pattern="/fixUpTask/customer/edit.do" access="hasAnyRole('CUSTOMER','HANDYWORKER')"  />

	   	<security:intercept-url pattern="/configuration/administrator/list.do" access="hasAnyRole('ADMIN')"  />
	   	<security:intercept-url pattern="/configuration/administrator/edit.do" access="hasAnyRole('ADMIN')"  />

		<security:intercept-url pattern="/application/customer/list.do" access="hasAnyRole('CUSTOMER')"  />
	   	<security:intercept-url pattern="/application/customer/edit.do" access="hasAnyRole('CUSTOMER')"  />
	   	<security:intercept-url pattern="/application/customer/pay.do" access="hasAnyRole('CUSTOMER')"  />
	   	<security:intercept-url pattern="/application/customer,handyworker/comment.do" access="hasAnyRole('CUSTOMER','HANDYWORKER')"  />

		
        <security:intercept-url pattern="/creditCard/customer,sponsor/list.do" access="hasAnyRole('CUSTOMER','SPONSOR')"  />
		<security:intercept-url pattern="/creditCard/customer,sponsor/create.do" access="hasAnyRole('CUSTOMER','SPONSOR')"  />
		<security:intercept-url pattern="/creditCard/customer,sponsor/edit.do" access="hasAnyRole('CUSTOMER','SPONSOR')"  />
       
        <security:intercept-url pattern="/complaint/referee/list.do" access="hasAnyRole('REFEREE')"  />
		<security:intercept-url pattern="/complaint/referee/assing.do" access="hasAnyRole('REFEREE')"  />

		<security:intercept-url pattern="/complaint/customer,handyworker/list.do" access="hasAnyRole('CUSTOMER','HANDYWORKER')"  />
		<security:intercept-url pattern="/complaint/customer/edit.do" access="hasAnyRole('CUSTOMER')"  />
		<security:intercept-url pattern="/complaint/customer,referee,handyworker/show.do" access="hasAnyRole('CUSTOMER','REFEREE','HANDYWORKER')"  />
		<security:intercept-url pattern="/complaint/customer/create.do" access="hasAnyRole('CUSTOMER')"  />

		<security:intercept-url pattern="/report/referee/create.do" access="hasAnyRole('REFEREE')"  />
		<security:intercept-url pattern="/report/referee/edit.do" access="hasAnyRole('REFEREE')"  />
		<security:intercept-url pattern="/report/referee,customer,handyworker/show.do" access="hasAnyRole('REFEREE','CUSTOMER','HANDYWORKER')"  />

		<security:intercept-url pattern="/note/referee,customer,handyworker/list.do" access="hasAnyRole('REFEREE','CUSTOMER','HANDYWORKER')"  />
		<security:intercept-url pattern="/note/referee,customer,handyworker/edit.do" access="hasAnyRole('REFEREE','CUSTOMER','HANDYWORKER')"  />
		<security:intercept-url pattern="/note/referee,customer,handyworker/create.do" access="hasAnyRole('REFEREE','CUSTOMER','HANDYWORKER')"  />


		  <security:intercept-url pattern="/endorsement/customer/**" access="hasAnyRole('CUSTOMER')" /> 
		  <security:intercept-url pattern="/endorsement/handy-worker/**" access="hasAnyRole('HANDYWORKER')" /> 
		  <security:intercept-url pattern="/endorsement/**" access="hasAnyRole('CUSTOMER','HANDYWORKER')" />
		   
		  <security:intercept-url pattern="/tutorial/handy-worker/**" access="hasRole('HANDYWORKER')" /> 
		  <security:intercept-url pattern="/tutorial/**" access="permitAll" /> 
		  
		  <security:intercept-url pattern="/section/**" access="permitAll" /> 
		  <security:intercept-url pattern="/section/handy-worker/**" access="hasRole('HANDYWORKER')" /> 
		  
		    <security:intercept-url pattern="/sponsorship/sponsor/**" access="hasRole('SPONSOR')" /> 
  
		  <security:intercept-url pattern="/box/**" access="isAuthenticated()" /> 
		  <security:intercept-url pattern="/message/**" access="isAuthenticated()" /> 

 			<security:intercept-url pattern="/personalrecord/handyworker/create.do" access="hasRole('HANDYWORKER')" /> 
  <security:intercept-url pattern="/miscellaneousrecord/handyworker/create.do" access="hasRole('HANDYWORKER')" /> 
  <security:intercept-url pattern="/endorserrecord/handyworker/create.do" access="hasRole('HANDYWORKER')" /> 
  <security:intercept-url pattern="/professionalrecord/handyworker/create.do" access="hasRole('HANDYWORKER')" /> 
  <security:intercept-url pattern="/educationrecord/handyworker/create.do" access="hasRole('HANDYWORKER')" /> 
  <security:intercept-url pattern="/personalrecord/handyworker/edit.do" access="hasRole('HANDYWORKER')" /> 
  <security:intercept-url pattern="/miscellaneousrecord/handyworker/edit.do" access="hasRole('HANDYWORKER')" /> 
  <security:intercept-url pattern="/endorserrecord/handyworker/edit.do" access="hasRole('HANDYWORKER')" /> 
  <security:intercept-url pattern="/professionalrecord/handyworker/edit.do" access="hasRole('HANDYWORKER')" /> 
  <security:intercept-url pattern="/educationrecord/handyworker/edit.do" access="hasRole('HANDYWORKER')" /> 
  <security:intercept-url pattern="/personalrecord/handyworker/list.do" access="hasRole('HANDYWORKER')" /> 
  <security:intercept-url pattern="/miscellaneousrecord/handyworker/listAll.do" access="hasRole('HANDYWORKER')" /> 
  <security:intercept-url pattern="/endorserrecord/handyworker/listAll.do" access="hasRole('HANDYWORKER')" /> 
  <security:intercept-url pattern="/professionalrecord/handyworker/listAll.do" access="hasRole('HANDYWORKER')" /> 
  <security:intercept-url pattern="/educationrecord/handyworker/listAll.do" access="hasRole('HANDYWORKER')" />

<security:intercept-url pattern="/customer/edit.do" access="isAnonymous()" /> 
  <security:intercept-url pattern="/handyworker/create.do" access="isAnonymous()" /> 
  <security:intercept-url pattern="/handyworker/edit.do" access="isAnonymous()" /> 
  <security:intercept-url pattern="/sponsor/create.do" access="isAnonymous()" /> 
  <security:intercept-url pattern="/sponsor/edit.do" access="isAnonymous()" /> 
<security:intercept-url pattern="/customer/create.do" access="isAnonymous()" /> 

		<security:intercept-url pattern="/**" access="hasRole('NONE')" />

		


		<security:form-login
			login-page="/security/login.do"
			password-parameter="password"
			username-parameter="username"
			authentication-failure-url="/security/loginFailure.do" />

		<security:logout
			logout-success-url="/"
			invalidate-session="true" />
	</security:http>

</beans>
