<?xml version="1.0" encoding="UTF-8"?>

<!-- 
 * converters.xml
 *
 * Copyright (C) 2018 Universidad de Sevilla
 * 
 * The use of this project is hereby constrained to the conditions of the 
 * TDG Licence, a copy of which you may download from 
 * http://www.tdg-seville.info/License.html
 -->

<beans xmlns="http://www.springframework.org/schema/beans"
	xmlns:xsi="http://www.w3.org/2001/XMLSchema-instance" xmlns:util="http://www.springframework.org/schema/util"
	xsi:schemaLocation="
		http://www.springframework.org/schema/beans http://www.springframework.org/schema/beans/spring-beans-4.0.xsd		
		http://www.springframework.org/schema/util http://www.springframework.org/schema/util/spring-util-4.0.xsd		
	">

	<util:list id="converters">
		<!-- 
			Add your own converters using entries of the following form: 
			<bean class="converters.Class1ToClass2" /> 
		-->
		<bean class="converters.ActorToString" />
		<bean class="converters.BoxToString" />
		<bean class="converters.MessageToString" />
		<bean class="converters.FinderToString" />
		<bean class="converters.ApplicationToString" />
		<bean class="converters.FixUpTaskToString" />
		<bean class="converters.HandyWorkerToString" />
		
		
		<bean class="converters.StringToActor" />
		<bean class="converters.StringToBox" />
		<bean class="converters.StringToMessage" />
		<bean class="converters.StringToFinder" />
		<bean class="converters.StringToApplication" />
		<bean class="converters.StringToFixUpTask" />
		<bean class="converters.StringToHandyWorker" />
		
		
			

	</util:list>
	
</beans>