<?xml version="1.0" encoding="UTF-8"?>

<!-- 
 * PopulateDatabase.xml
 *
 * Copyright (C) 2018 Universidad de Sevilla
 * 
 * The use of this project is hereby constrained to the conditions of the 
 * TDG Licence, a copy of which you may download from 
 * http://www.tdg-seville.info/License.html
 -->

<beans xmlns="http://www.springframework.org/schema/beans"
	xmlns:xsi="http://www.w3.org/2001/XMLSchema-instance"
	xsi:schemaLocation="
		http://www.springframework.org/schema/beans http://www.springframework.org/schema/beans/spring-beans.xsd
	">
	
	<!-- User accounts -->

	<bean id="userAccount1" class="security.UserAccount">
		<property name="username" value="admin" />
		<property name="password" value="21232f297a57a5a743894a0e4a801fc3" />
		<property name="authorities">
			<list>
				<bean class="security.Authority">
					<property name="authority" value="ADMIN" />
				</bean>
			</list>
		</property>
	</bean>

	<bean id="userAccount2" class="security.UserAccount">
		<property name="username" value="customer" />
		<property name="password" value="91ec1f9324753048c0096d036a694f86" />
		<property name="authorities">
			<list>
				<bean class="security.Authority">
					<property name="authority" value="CUSTOMER" />
				</bean>
			</list>
		</property>
	</bean>

	<bean id="userAccount3" class="security.UserAccount">
		<property name="username" value="super" />
		<property name="password" value="1b3231655cebb7a1f783eddf27d254ca" />
		<property name="authorities">
			<list>
				<bean class="security.Authority">
					<property name="authority" value="ADMIN" />
				</bean>
				<bean class="security.Authority">
					<property name="authority" value="CUSTOMER" />
				</bean>
			</list>
		</property>
	</bean>
	
	<!-- Other domain beans come here -->	
	
	<bean id="configuration1" class="domain.Configuration">
		<property name="patternPN" value="3333" />
		<property name="finderCacheTime" value="4" />
		<property name="numberOfResult" value="50" />
		
	</bean>
	
	
	<bean id="admin1" class="domain.Administrator">
		<property name="userAccount"><ref bean = "userAccount1" /></property>
		<property name="name" value="Rafael" />
		<property name="middleName" value="Corchuelito el crack" />
		<property name="surname" value="Corchuelo" />
		<property name="photo" value="http://corchuelito.com" />
		<property name="email" value="chorchuelo@gmail.com" />
		<property name="phoneNumber" value="+34 (123) 674893476" />
		<property name="address" value="Avenida Reina Mercedes" />
		<property name="numSocialProfile" value="1" />
		<property name="boxes">
			<list>
			<ref bean = "box1admin1" />
			<ref bean = "box2admin1" />
			<ref bean = "box3admin1" />
			<ref bean = "box4admin1" />
			</list>
		</property>
	</bean>
	
	<bean id="box1admin1" class="domain.Box">
		<property name="name" value="TrashBox" />
		<property name="systemBox" value="True" />
	</bean>
	
	<bean id="box2admin1" class="domain.Box">
		<property name="name" value="SpamBox" />
		<property name="systemBox" value="True" />
	</bean>
	
	<bean id="box3admin1" class="domain.Box">
		<property name="name" value="InBox" />
		<property name="systemBox" value="True" />
	</bean>
	
	<bean id="box4admin1" class="domain.Box">
		<property name="name" value="OutBox" />
		<property name="systemBox" value="True" />
	</bean>
	
	<bean id="referee1" class="domain.Referee">
		<property name="userAccount"><ref bean = "userAccount2" /></property>
		<property name="name" value="Octavio" />
		<property name="middleName" value="Agray" />
		<property name="surname" value="Martin" />
		<property name="photo" value="http://octavioPSHP.com" />
		<property name="email" value="octavio@gmail.com" />
		<property name="phoneNumber" value="+34 (123) 678893476" />
		<property name="address" value="Avenida Reina Alola" />
		<property name="numSocialProfile" value="8" />
		
		<property name="boxes">
			<list>
			<ref bean = "box1referee1" />
			<ref bean = "box2referee1" />
			<ref bean = "box3referee1" />
			<ref bean = "box4referee1" />
			</list>
		</property>
	</bean>
	
	<bean id="box1referee1" class="domain.Box">
		<property name="name" value="TrashBox" />
		<property name="systemBox" value="True" />
	</bean>
	
	<bean id="box2referee1" class="domain.Box">
		<property name="name" value="SpamBox" />
		<property name="systemBox" value="True" />
	</bean>
	
	<bean id="box3referee1" class="domain.Box">
		<property name="name" value="InBox" />
		<property name="systemBox" value="True" />
	</bean>
	
	<bean id="box4referee1" class="domain.Box">
		<property name="name" value="OutBox" />
		<property name="systemBox" value="True" />
	</bean>
	
	
	<bean id="report1" class="domain.Report">
		<property name="writtenMoment" value="12/11/1998 12:00" />
		<property name="description" value="descripcion 1" />
		<property name="attachment" value="http://unaurl" />
		<property name="isFinal" value="True" />
		<property name="referee" > <ref bean = "referee1" /> </property>
	</bean>
	
	<!-- <bean id="handyWorker1" class="domain.HandyWorker">
		<property name="userAccount"><ref bean = "userAccount2" /></property>
		<property name="name" value="Juan" />
		<property name="middleName" value="Luis" />
		<property name="surname" value="Pérez Martínez" />
		<property name="photo" value="http://www.us.es" />
		<property name="email" value="juapermar200@alum.us.es" />
		<property name="phoneNumber" value="+34 (655) 55555343" />
		<property name="address" value="Avenida de Andalucía, nº 2" />
		<property name="numSocialProfile" value="1" />
		<property name="boxes">
			<list>
			<ref bean = "box1_handyWorker_1" />
			<ref bean = "box2_handyWorker_1" />
			<ref bean = "box3_handyWorker_1" />
			<ref bean = "box4_handyWorker_1" />
			</list>
		</property>
		<property name="make" value="Hermanos Pérez" />
	</bean>
	
	<bean id="box1_handyWorker_1" class="domain.Box">
		<property name="name" value="TrashBox" />
		<property name="systemBox" value="True" />
	</bean>
	
	<bean id="box2_handyWorker_1" class="domain.Box">
		<property name="name" value="SpamBox" />
		<property name="systemBox" value="True" />
	</bean>
	
	<bean id="box3_handyWorker_1" class="domain.Box">
		<property name="name" value="InBox" />
		<property name="systemBox" value="True" />
	</bean>
	
	<bean id="box4_handyWorker_1" class="domain.Box">
		<property name="name" value="OutBox" />
		<property name="systemBox" value="True" />
	</bean> -->
	
	<bean id="sponsor1" class="domain.Sponsor">
		<property name="userAccount"><ref bean = "userAccount2" /></property>
		<property name="name" value="Vicente" />
		<property name="middleName" value="Luis" />
		<property name="surname" value="López Barrera" />
		<property name="photo" value="http://www.us.es" />
		<property name="email" value="viclopar3290@alum.us.es" />
		<property name="phoneNumber" value="+34 (615) 893271" />
		<property name="address" value="Calle Viña, nº 6" />
		<property name="numSocialProfile" value="4" />
		<property name="boxes">
			<list>
			<ref bean = "box1_sponsor1" />
			<ref bean = "box2_sponsor1" />
			<ref bean = "box3_sponsor1" />
			<ref bean = "box4_sponsor1" />
			</list>
		</property>
	</bean>
	
	<bean id="box1_sponsor1" class="domain.Box">
		<property name="name" value="TrashBox" />
		<property name="systemBox" value="True" />
	</bean>
	
	<bean id="box2_sponsor1" class="domain.Box">
		<property name="name" value="SpamBox" />
		<property name="systemBox" value="True" />
	</bean>
	
	<bean id="box3_sponsor1" class="domain.Box">
		<property name="name" value="InBox" />
		<property name="systemBox" value="True" />
	</bean>
	
	<bean id="box4_sponsor1" class="domain.Box">
		<property name="name" value="OutBox" />
		<property name="systemBox" value="True" />
	</bean>
	
	<!-- <bean id="tutorial1" class="domain.Tutorial">
		<property name="title" value="Tutorial sobre cómo enfoscar una pared" />
		<property name="moment" value="05/05/2018 13:00" />
		<property name="summary" value="Resumen del tutorial sobre cómo enfoscar una pared." />
		<property name="pictures" value="http://www.us.es" />
		<property name="sections" >
			<list>
				<ref bean = "section1" />
				<ref bean = "section2" />
			</list>
		</property>
		<property name="handyWorker">
			<ref bean = "handyWorker1" />
		</property>
	</bean> -->
	
	<bean id="section1" class="domain.Section">
		<property name="number" value="1" />
		<property name="title" value="Sección 1" />
		<property name="pieceOfText" value="Ejemplo de texto." />
		<property name="pictures" value="http://www.us.es" />
	</bean>
	
	<bean id="section2" class="domain.Section">
		<property name="number" value="2" />
		<property name="title" value="Sección 2" />
		<property name="pieceOfText" value="Ejemplo de texto." />
		<property name="pictures" value="http://www.us.es" />
	</bean>
	
	<!-- bannerLink
		targetLink
		creditCardNumber -->
		
	<!-- <bean id="sponsorship1" class="domain.SponsorShip" >
		<property name="bannerLink" value="http://www.us.es" />
		<property name="targetLink" value="http://www.us.es" />
		<property name="creditCardNumber" value="4111111111111111" />
		<property name="tutorial">
			<ref bean = "tutorial1" />
		</property>
		<property name="sponsor">
			<ref bean = "sponsor1" />
		</property>
	</bean> -->
	
	<!-- 
		private String	keyWord;
		private String	category;
		private String	warranty;
		private Double	priceMin;
		private Double	priceMax;
		private Date	dateMin;
		private Date	dateMax;
		private Date	lastUpdate; 
	-->
	<bean id="finder1" class="domain.Finder">
	</bean>
	
	<!-- <bean id="endorserSender1" class="domain.HandyWorker">
		<property name="userAccount"><ref bean = "userAccount2" /></property>
		<property name="name" value="Juan" />
		<property name="middleName" value="Luis" />
		<property name="surname" value="Pérez Martínez" />
		<property name="photo" value="http://www.us.es" />
		<property name="email" value="juapermar200@alum.us.es" />
		<property name="phoneNumber" value="+34 (655) 55555343" />
		<property name="address" value="Avenida de Andalucía, nº 2" />
		<property name="numSocialProfile" value="1" />
		<property name="boxes">
			<list>
			<ref bean = "box1_endorserSender1" />
			<ref bean = "box2_endorserSender1" />
			<ref bean = "box3_endorserSender1" />
			<ref bean = "box4_endorserSender1" />
			</list>
		</property>
		<property name="make" value="Hermanos Pérez" />
	</bean>
	
	<bean id="box1_endorserSender1" class="domain.Box">
		<property name="name" value="TrashBox" />
		<property name="systemBox" value="True" />
	</bean>
	
	<bean id="box2_endorserSender1" class="domain.Box">
		<property name="name" value="SpamBox" />
		<property name="systemBox" value="True" />
	</bean>
	
	<bean id="box3_endorserSender1" class="domain.Box">
		<property name="name" value="InBox" />
		<property name="systemBox" value="True" />
	</bean>
	
	<bean id="box4_endorserSender1" class="domain.Box">
		<property name="name" value="OutBox" />
		<property name="systemBox" value="True" />
	</bean>
	
	<bean id="endorserRecipient1" class="domain.HandyWorker">
		<property name="userAccount"><ref bean = "userAccount2" /></property>
		<property name="name" value="Juan" />
		<property name="middleName" value="Venancio" />
		<property name="surname" value="Martínez-Ruíz de la Cuesta" />
		<property name="photo" value="http://www.us.es" />
		<property name="email" value="juanvenancio@alum.us.es" />
		<property name="phoneNumber" value="+34 (625) 493782" />
		<property name="address" value="Calle Zarzavieja, nº 3" />
		<property name="numSocialProfile" value="0" />
		<property name="boxes">
			<list>
			<ref bean = "box1_endorserRecipient1" />
			<ref bean = "box2_endorserRecipient1" />
			<ref bean = "box3_endorserRecipient1" />
			<ref bean = "box4_endorserRecipient1" />
			</list>
		</property>
		<property name="make" value="Venancio S.L." />
	</bean>
	
	<bean id="box1_endorserRecipient1" class="domain.Box">
		<property name="name" value="TrashBox" />
		<property name="systemBox" value="True" />
	</bean>
	
	<bean id="box2_endorserRecipient1" class="domain.Box">
		<property name="name" value="SpamBox" />
		<property name="systemBox" value="True" />
	</bean>
	
	<bean id="box3_endorserRecipient1" class="domain.Box">
		<property name="name" value="InBox" />
		<property name="systemBox" value="True" />
	</bean>
	
	<bean id="box4_endorserRecipient1" class="domain.Box">
		<property name="name" value="OutBox" />
		<property name="systemBox" value="True" />
	</bean> -->
	
</beans>