<?xml version="1.0" encoding="UTF-8" ?>

<!-- 
 * tiles.xml
 *
 * Copyright (C) 2018 Universidad de Sevilla
 * 
 * The use of this project is hereby constrained to the conditions of the 
 * TDG Licence, a copy of which you may download from 
 * http://www.tdg-seville.info/License.html
 -->

<!DOCTYPE tiles-definitions PUBLIC
       "-//Apache Software Foundation//DTD Tiles Configuration 2.0//EN"
       "http://tiles.apache.org/dtds/tiles-config_2_0.dtd">
       
<tiles-definitions>

	<definition name="application/create" extends="master.page">	
		<put-attribute name="title" value="Create application" />
		<put-attribute name="body" value="/views/application/create.jsp" />
	</definition>	
	
	<definition name="application/list" extends="master.page">	
		<put-attribute name="title" value="List applications" />
		<put-attribute name="body" value="/views/application/list.jsp" />
	</definition>	
	
	<definition name="application/editComment" extends="master.page">	
		<put-attribute name="title" value="Edit comments" />
		<put-attribute name="body" value="/views/application/editComment.jsp" />
	</definition>
	
</tiles-definitions>